Issue Type,Issue Key,Summary,Epic Link,Description,Acceptance Criteria,Priority
Story,SOD-US-1000,Session create/join/reconnect story 1,SOD-EP01,"As a player/team, I want session create/join/reconnect to be reliable in scenario 1, so that co-op quality remains high.","Given scenario 1, when players execute flow, then expected result is deterministic, readable, and logged in telemetry.",Highest
Story,SOD-US-1001,Session create/join/reconnect story 2,SOD-EP01,"As a player/team, I want session create/join/reconnect to be reliable in scenario 2, so that co-op quality remains high.","Given scenario 2, when players execute flow, then expected result is deterministic, readable, and logged in telemetry.",High
Story,SOD-US-1002,Session create/join/reconnect story 3,SOD-EP01,"As a player/team, I want session create/join/reconnect to be reliable in scenario 3, so that co-op quality remains high.","Given scenario 3, when players execute flow, then expected result is deterministic, readable, and logged in telemetry.",High
Story,SOD-US-1003,Session create/join/reconnect story 4,SOD-EP01,"As a player/team, I want session create/join/reconnect to be reliable in scenario 4, so that co-op quality remains high.","Given scenario 4, when players execute flow, then expected result is deterministic, readable, and logged in telemetry.",Medium
Story,SOD-US-1004,Session create/join/reconnect story 5,SOD-EP01,"As a player/team, I want session create/join/reconnect to be reliable in scenario 5, so that co-op quality remains high.","Given scenario 5, when players execute flow, then expected result is deterministic, readable, and logged in telemetry.",Highest
Story,SOD-US-1005,Session create/join/reconnect story 6,SOD-EP01,"As a player/team, I want session create/join/reconnect to be reliable in scenario 6, so that co-op quality remains high.","Given scenario 6, when players execute flow, then expected result is deterministic, readable, and logged in telemetry.",High
Story,SOD-US-1006,Session create/join/reconnect story 7,SOD-EP01,"As a player/team, I want session create/join/reconnect to be reliable in scenario 7, so that co-op quality remains high.","Given scenario 7, when players execute flow, then expected result is deterministic, readable, and logged in telemetry.",High
Story,SOD-US-1007,Session create/join/reconnect story 8,SOD-EP01,"As a player/team, I want session create/join/reconnect to be reliable in scenario 8, so that co-op quality remains high.","Given scenario 8, when players execute flow, then expected result is deterministic, readable, and logged in telemetry.",Medium
Story,SOD-US-1008,Session create/join/reconnect story 9,SOD-EP01,"As a player/team, I want session create/join/reconnect to be reliable in scenario 9, so that co-op quality remains high.","Given scenario 9, when players execute flow, then expected result is deterministic, readable, and logged in telemetry.",Highest
Story,SOD-US-1009,Session create/join/reconnect story 10,SOD-EP01,"As a player/team, I want session create/join/reconnect to be reliable in scenario 10, so that co-op quality remains high.","Given scenario 10, when players execute flow, then expected result is deterministic, readable, and logged in telemetry.",High
Story,SOD-US-1010,Dynamic split-screen behavior story 1,SOD-EP01,"As a player/team, I want dynamic split-screen behavior to be reliable in scenario 1, so that co-op quality remains high.","Given scenario 1, when players execute flow, then expected result is deterministic, readable, and logged in telemetry.",Highest
Story,SOD-US-1011,Dynamic split-screen behavior story 2,SOD-EP01,"As a player/team, I want dynamic split-screen behavior to be reliable in scenario 2, so that co-op quality remains high.","Given scenario 2, when players execute flow, then expected result is deterministic, readable, and logged in telemetry.",High
Story,SOD-US-1012,Dynamic split-screen behavior story 3,SOD-EP01,"As a player/team, I want dynamic split-screen behavior to be reliable in scenario 3, so that co-op quality remains high.","Given scenario 3, when players execute flow, then expected result is deterministic, readable, and logged in telemetry.",High
Story,SOD-US-1013,Dynamic split-screen behavior story 4,SOD-EP01,"As a player/team, I want dynamic split-screen behavior to be reliable in scenario 4, so that co-op quality remains high.","Given scenario 4, when players execute flow, then expected result is deterministic, readable, and logged in telemetry.",Medium
Story,SOD-US-1014,Dynamic split-screen behavior story 5,SOD-EP01,"As a player/team, I want dynamic split-screen behavior to be reliable in scenario 5, so that co-op quality remains high.","Given scenario 5, when players execute flow, then expected result is deterministic, readable, and logged in telemetry.",Highest
Story,SOD-US-1015,Dynamic split-screen behavior story 6,SOD-EP01,"As a player/team, I want dynamic split-screen behavior to be reliable in scenario 6, so that co-op quality remains high.","Given scenario 6, when players execute flow, then expected result is deterministic, readable, and logged in telemetry.",High
Story,SOD-US-1016,Dynamic split-screen behavior story 7,SOD-EP01,"As a player/team, I want dynamic split-screen behavior to be reliable in scenario 7, so that co-op quality remains high.","Given scenario 7, when players execute flow, then expected result is deterministic, readable, and logged in telemetry.",High
Story,SOD-US-1017,Dynamic split-screen behavior story 8,SOD-EP01,"As a player/team, I want dynamic split-screen behavior to be reliable in scenario 8, so that co-op quality remains high.","Given scenario 8, when players execute flow, then expected result is deterministic, readable, and logged in telemetry.",Medium
Story,SOD-US-1018,Dynamic split-screen behavior story 9,SOD-EP01,"As a player/team, I want dynamic split-screen behavior to be reliable in scenario 9, so that co-op quality remains high.","Given scenario 9, when players execute flow, then expected result is deterministic, readable, and logged in telemetry.",Highest
Story,SOD-US-1019,Dynamic split-screen behavior story 10,SOD-EP01,"As a player/team, I want dynamic split-screen behavior to be reliable in scenario 10, so that co-op quality remains high.","Given scenario 10, when players execute flow, then expected result is deterministic, readable, and logged in telemetry.",High
Story,SOD-US-1020,Co-op ping and prompts story 1,SOD-EP01,"As a player/team, I want co-op ping and prompts to be reliable in scenario 1, so that co-op quality remains high.","Given scenario 1, when players execute flow, then expected result is deterministic, readable, and logged in telemetry.",Highest
Story,SOD-US-1021,Co-op ping and prompts story 2,SOD-EP01,"As a player/team, I want co-op ping and prompts to be reliable in scenario 2, so that co-op quality remains high.","Given scenario 2, when players execute flow, then expected result is deterministic, readable, and logged in telemetry.",High
Story,SOD-US-1022,Co-op ping and prompts story 3,SOD-EP01,"As a player/team, I want co-op ping and prompts to be reliable in scenario 3, so that co-op quality remains high.","Given scenario 3, when players execute flow, then expected result is deterministic, readable, and logged in telemetry.",High
Story,SOD-US-1023,Co-op ping and prompts story 4,SOD-EP01,"As a player/team, I want co-op ping and prompts to be reliable in scenario 4, so that co-op quality remains high.","Given scenario 4, when players execute flow, then expected result is deterministic, readable, and logged in telemetry.",Medium
Story,SOD-US-1024,Co-op ping and prompts story 5,SOD-EP01,"As a player/team, I want co-op ping and prompts to be reliable in scenario 5, so that co-op quality remains high.","Given scenario 5, when players execute flow, then expected result is deterministic, readable, and logged in telemetry.",Highest
Story,SOD-US-1025,Co-op ping and prompts story 6,SOD-EP01,"As a player/team, I want co-op ping and prompts to be reliable in scenario 6, so that co-op quality remains high.","Given scenario 6, when players execute flow, then expected result is deterministic, readable, and logged in telemetry.",High
Story,SOD-US-1026,Co-op ping and prompts story 7,SOD-EP01,"As a player/team, I want co-op ping and prompts to be reliable in scenario 7, so that co-op quality remains high.","Given scenario 7, when players execute flow, then expected result is deterministic, readable, and logged in telemetry.",High
Story,SOD-US-1027,Co-op ping and prompts story 8,SOD-EP01,"As a player/team, I want co-op ping and prompts to be reliable in scenario 8, so that co-op quality remains high.","Given scenario 8, when players execute flow, then expected result is deterministic, readable, and logged in telemetry.",Medium
Story,SOD-US-1028,Co-op ping and prompts story 9,SOD-EP01,"As a player/team, I want co-op ping and prompts to be reliable in scenario 9, so that co-op quality remains high.","Given scenario 9, when players execute flow, then expected result is deterministic, readable, and logged in telemetry.",Highest
Story,SOD-US-1029,Co-op ping and prompts story 10,SOD-EP01,"As a player/team, I want co-op ping and prompts to be reliable in scenario 10, so that co-op quality remains high.","Given scenario 10, when players execute flow, then expected result is deterministic, readable, and logged in telemetry.",High
Story,SOD-US-1030,Checkpoint and revive flow story 1,SOD-EP01,"As a player/team, I want checkpoint and revive flow to be reliable in scenario 1, so that co-op quality remains high.","Given scenario 1, when players execute flow, then expected result is deterministic, readable, and logged in telemetry.",Highest
Story,SOD-US-1031,Checkpoint and revive flow story 2,SOD-EP01,"As a player/team, I want checkpoint and revive flow to be reliable in scenario 2, so that co-op quality remains high.","Given scenario 2, when players execute flow, then expected result is deterministic, readable, and logged in telemetry.",High
Story,SOD-US-1032,Checkpoint and revive flow story 3,SOD-EP01,"As a player/team, I want checkpoint and revive flow to be reliable in scenario 3, so that co-op quality remains high.","Given scenario 3, when players execute flow, then expected result is deterministic, readable, and logged in telemetry.",High
Story,SOD-US-1033,Checkpoint and revive flow story 4,SOD-EP01,"As a player/team, I want checkpoint and revive flow to be reliable in scenario 4, so that co-op quality remains high.","Given scenario 4, when players execute flow, then expected result is deterministic, readable, and logged in telemetry.",Medium
Story,SOD-US-1034,Checkpoint and revive flow story 5,SOD-EP01,"As a player/team, I want checkpoint and revive flow to be reliable in scenario 5, so that co-op quality remains high.","Given scenario 5, when players execute flow, then expected result is deterministic, readable, and logged in telemetry.",Highest
Story,SOD-US-1035,Checkpoint and revive flow story 6,SOD-EP01,"As a player/team, I want checkpoint and revive flow to be reliable in scenario 6, so that co-op quality remains high.","Given scenario 6, when players execute flow, then expected result is deterministic, readable, and logged in telemetry.",High
Story,SOD-US-1036,Checkpoint and revive flow story 7,SOD-EP01,"As a player/team, I want checkpoint and revive flow to be reliable in scenario 7, so that co-op quality remains high.","Given scenario 7, when players execute flow, then expected result is deterministic, readable, and logged in telemetry.",High
Story,SOD-US-1037,Checkpoint and revive flow story 8,SOD-EP01,"As a player/team, I want checkpoint and revive flow to be reliable in scenario 8, so that co-op quality remains high.","Given scenario 8, when players execute flow, then expected result is deterministic, readable, and logged in telemetry.",Medium
Story,SOD-US-1038,Checkpoint and revive flow story 9,SOD-EP01,"As a player/team, I want checkpoint and revive flow to be reliable in scenario 9, so that co-op quality remains high.","Given scenario 9, when players execute flow, then expected result is deterministic, readable, and logged in telemetry.",Highest
Story,SOD-US-1039,Checkpoint and revive flow story 10,SOD-EP01,"As a player/team, I want checkpoint and revive flow to be reliable in scenario 10, so that co-op quality remains high.","Given scenario 10, when players execute flow, then expected result is deterministic, readable, and logged in telemetry.",High
Story,SOD-US-1040,Light abilities reliability story 1,SOD-EP02,"As a player/team, I want light abilities reliability to be reliable in scenario 1, so that co-op quality remains high.","Given scenario 1, when players execute flow, then expected result is deterministic, readable, and logged in telemetry.",Highest
Story,SOD-US-1041,Light abilities reliability story 2,SOD-EP02,"As a player/team, I want light abilities reliability to be reliable in scenario 2, so that co-op quality remains high.","Given scenario 2, when players execute flow, then expected result is deterministic, readable, and logged in telemetry.",High
Story,SOD-US-1042,Light abilities reliability story 3,SOD-EP02,"As a player/team, I want light abilities reliability to be reliable in scenario 3, so that co-op quality remains high.","Given scenario 3, when players execute flow, then expected result is deterministic, readable, and logged in telemetry.",High
Story,SOD-US-1043,Light abilities reliability story 4,SOD-EP02,"As a player/team, I want light abilities reliability to be reliable in scenario 4, so that co-op quality remains high.","Given scenario 4, when players execute flow, then expected result is deterministic, readable, and logged in telemetry.",Medium
Story,SOD-US-1044,Light abilities reliability story 5,SOD-EP02,"As a player/team, I want light abilities reliability to be reliable in scenario 5, so that co-op quality remains high.","Given scenario 5, when players execute flow, then expected result is deterministic, readable, and logged in telemetry.",Highest
Story,SOD-US-1045,Light abilities reliability story 6,SOD-EP02,"As a player/team, I want light abilities reliability to be reliable in scenario 6, so that co-op quality remains high.","Given scenario 6, when players execute flow, then expected result is deterministic, readable, and logged in telemetry.",High
Story,SOD-US-1046,Light abilities reliability story 7,SOD-EP02,"As a player/team, I want light abilities reliability to be reliable in scenario 7, so that co-op quality remains high.","Given scenario 7, when players execute flow, then expected result is deterministic, readable, and logged in telemetry.",High
Story,SOD-US-1047,Light abilities reliability story 8,SOD-EP02,"As a player/team, I want light abilities reliability to be reliable in scenario 8, so that co-op quality remains high.","Given scenario 8, when players execute flow, then expected result is deterministic, readable, and logged in telemetry.",Medium
Story,SOD-US-1048,Light abilities reliability story 9,SOD-EP02,"As a player/team, I want light abilities reliability to be reliable in scenario 9, so that co-op quality remains high.","Given scenario 9, when players execute flow, then expected result is deterministic, readable, and logged in telemetry.",Highest
Story,SOD-US-1049,Light abilities reliability story 10,SOD-EP02,"As a player/team, I want light abilities reliability to be reliable in scenario 10, so that co-op quality remains high.","Given scenario 10, when players execute flow, then expected result is deterministic, readable, and logged in telemetry.",High
Story,SOD-US-1050,Shadow abilities reliability story 1,SOD-EP02,"As a player/team, I want shadow abilities reliability to be reliable in scenario 1, so that co-op quality remains high.","Given scenario 1, when players execute flow, then expected result is deterministic, readable, and logged in telemetry.",Highest
Story,SOD-US-1051,Shadow abilities reliability story 2,SOD-EP02,"As a player/team, I want shadow abilities reliability to be reliable in scenario 2, so that co-op quality remains high.","Given scenario 2, when players execute flow, then expected result is deterministic, readable, and logged in telemetry.",High
Story,SOD-US-1052,Shadow abilities reliability story 3,SOD-EP02,"As a player/team, I want shadow abilities reliability to be reliable in scenario 3, so that co-op quality remains high.","Given scenario 3, when players execute flow, then expected result is deterministic, readable, and logged in telemetry.",High
Story,SOD-US-1053,Shadow abilities reliability story 4,SOD-EP02,"As a player/team, I want shadow abilities reliability to be reliable in scenario 4, so that co-op quality remains high.","Given scenario 4, when players execute flow, then expected result is deterministic, readable, and logged in telemetry.",Medium
Story,SOD-US-1054,Shadow abilities reliability story 5,SOD-EP02,"As a player/team, I want shadow abilities reliability to be reliable in scenario 5, so that co-op quality remains high.","Given scenario 5, when players execute flow, then expected result is deterministic, readable, and logged in telemetry.",Highest
Story,SOD-US-1055,Shadow abilities reliability story 6,SOD-EP02,"As a player/team, I want shadow abilities reliability to be reliable in scenario 6, so that co-op quality remains high.","Given scenario 6, when players execute flow, then expected result is deterministic, readable, and logged in telemetry.",High
Story,SOD-US-1056,Shadow abilities reliability story 7,SOD-EP02,"As a player/team, I want shadow abilities reliability to be reliable in scenario 7, so that co-op quality remains high.","Given scenario 7, when players execute flow, then expected result is deterministic, readable, and logged in telemetry.",High
Story,SOD-US-1057,Shadow abilities reliability story 8,SOD-EP02,"As a player/team, I want shadow abilities reliability to be reliable in scenario 8, so that co-op quality remains high.","Given scenario 8, when players execute flow, then expected result is deterministic, readable, and logged in telemetry.",Medium
Story,SOD-US-1058,Shadow abilities reliability story 9,SOD-EP02,"As a player/team, I want shadow abilities reliability to be reliable in scenario 9, so that co-op quality remains high.","Given scenario 9, when players execute flow, then expected result is deterministic, readable, and logged in telemetry.",Highest
Story,SOD-US-1059,Shadow abilities reliability story 10,SOD-EP02,"As a player/team, I want shadow abilities reliability to be reliable in scenario 10, so that co-op quality remains high.","Given scenario 10, when players execute flow, then expected result is deterministic, readable, and logged in telemetry.",High
Story,SOD-US-1060,Ability combo validator story 1,SOD-EP02,"As a player/team, I want ability combo validator to be reliable in scenario 1, so that co-op quality remains high.","Given scenario 1, when players execute flow, then expected result is deterministic, readable, and logged in telemetry.",Highest
Story,SOD-US-1061,Ability combo validator story 2,SOD-EP02,"As a player/team, I want ability combo validator to be reliable in scenario 2, so that co-op quality remains high.","Given scenario 2, when players execute flow, then expected result is deterministic, readable, and logged in telemetry.",High
Story,SOD-US-1062,Ability combo validator story 3,SOD-EP02,"As a player/team, I want ability combo validator to be reliable in scenario 3, so that co-op quality remains high.","Given scenario 3, when players execute flow, then expected result is deterministic, readable, and logged in telemetry.",High
Story,SOD-US-1063,Ability combo validator story 4,SOD-EP02,"As a player/team, I want ability combo validator to be reliable in scenario 4, so that co-op quality remains high.","Given scenario 4, when players execute flow, then expected result is deterministic, readable, and logged in telemetry.",Medium
Story,SOD-US-1064,Ability combo validator story 5,SOD-EP02,"As a player/team, I want ability combo validator to be reliable in scenario 5, so that co-op quality remains high.","Given scenario 5, when players execute flow, then expected result is deterministic, readable, and logged in telemetry.",Highest
Story,SOD-US-1065,Ability combo validator story 6,SOD-EP02,"As a player/team, I want ability combo validator to be reliable in scenario 6, so that co-op quality remains high.","Given scenario 6, when players execute flow, then expected result is deterministic, readable, and logged in telemetry.",High
Story,SOD-US-1066,Ability combo validator story 7,SOD-EP02,"As a player/team, I want ability combo validator to be reliable in scenario 7, so that co-op quality remains high.","Given scenario 7, when players execute flow, then expected result is deterministic, readable, and logged in telemetry.",High
Story,SOD-US-1067,Ability combo validator story 8,SOD-EP02,"As a player/team, I want ability combo validator to be reliable in scenario 8, so that co-op quality remains high.","Given scenario 8, when players execute flow, then expected result is deterministic, readable, and logged in telemetry.",Medium
Story,SOD-US-1068,Ability combo validator story 9,SOD-EP02,"As a player/team, I want ability combo validator to be reliable in scenario 9, so that co-op quality remains high.","Given scenario 9, when players execute flow, then expected result is deterministic, readable, and logged in telemetry.",Highest
Story,SOD-US-1069,Ability combo validator story 10,SOD-EP02,"As a player/team, I want ability combo validator to be reliable in scenario 10, so that co-op quality remains high.","Given scenario 10, when players execute flow, then expected result is deterministic, readable, and logged in telemetry.",High
Story,SOD-US-1070,Accessibility timing assist story 1,SOD-EP02,"As a player/team, I want accessibility timing assist to be reliable in scenario 1, so that co-op quality remains high.","Given scenario 1, when players execute flow, then expected result is deterministic, readable, and logged in telemetry.",Highest
Story,SOD-US-1071,Accessibility timing assist story 2,SOD-EP02,"As a player/team, I want accessibility timing assist to be reliable in scenario 2, so that co-op quality remains high.","Given scenario 2, when players execute flow, then expected result is deterministic, readable, and logged in telemetry.",High
Story,SOD-US-1072,Accessibility timing assist story 3,SOD-EP02,"As a player/team, I want accessibility timing assist to be reliable in scenario 3, so that co-op quality remains high.","Given scenario 3, when players execute flow, then expected result is deterministic, readable, and logged in telemetry.",High
Story,SOD-US-1073,Accessibility timing assist story 4,SOD-EP02,"As a player/team, I want accessibility timing assist to be reliable in scenario 4, so that co-op quality remains high.","Given scenario 4, when players execute flow, then expected result is deterministic, readable, and logged in telemetry.",Medium
Story,SOD-US-1074,Accessibility timing assist story 5,SOD-EP02,"As a player/team, I want accessibility timing assist to be reliable in scenario 5, so that co-op quality remains high.","Given scenario 5, when players execute flow, then expected result is deterministic, readable, and logged in telemetry.",Highest
Story,SOD-US-1075,Accessibility timing assist story 6,SOD-EP02,"As a player/team, I want accessibility timing assist to be reliable in scenario 6, so that co-op quality remains high.","Given scenario 6, when players execute flow, then expected result is deterministic, readable, and logged in telemetry.",High
Story,SOD-US-1076,Accessibility timing assist story 7,SOD-EP02,"As a player/team, I want accessibility timing assist to be reliable in scenario 7, so that co-op quality remains high.","Given scenario 7, when players execute flow, then expected result is deterministic, readable, and logged in telemetry.",High
Story,SOD-US-1077,Accessibility timing assist story 8,SOD-EP02,"As a player/team, I want accessibility timing assist to be reliable in scenario 8, so that co-op quality remains high.","Given scenario 8, when players execute flow, then expected result is deterministic, readable, and logged in telemetry.",Medium
Story,SOD-US-1078,Accessibility timing assist story 9,SOD-EP02,"As a player/team, I want accessibility timing assist to be reliable in scenario 9, so that co-op quality remains high.","Given scenario 9, when players execute flow, then expected result is deterministic, readable, and logged in telemetry.",Highest
Story,SOD-US-1079,Accessibility timing assist story 10,SOD-EP02,"As a player/team, I want accessibility timing assist to be reliable in scenario 10, so that co-op quality remains high.","Given scenario 10, when players execute flow, then expected result is deterministic, readable, and logged in telemetry.",High
Story,SOD-US-1080,Dual-state puzzle actor story 1,SOD-EP03,"As a player/team, I want dual-state puzzle actor to be reliable in scenario 1, so that co-op quality remains high.","Given scenario 1, when players execute flow, then expected result is deterministic, readable, and logged in telemetry.",Highest
Story,SOD-US-1081,Dual-state puzzle actor story 2,SOD-EP03,"As a player/team, I want dual-state puzzle actor to be reliable in scenario 2, so that co-op quality remains high.","Given scenario 2, when players execute flow, then expected result is deterministic, readable, and logged in telemetry.",High
Story,SOD-US-1082,Dual-state puzzle actor story 3,SOD-EP03,"As a player/team, I want dual-state puzzle actor to be reliable in scenario 3, so that co-op quality remains high.","Given scenario 3, when players execute flow, then expected result is deterministic, readable, and logged in telemetry.",High
Story,SOD-US-1083,Dual-state puzzle actor story 4,SOD-EP03,"As a player/team, I want dual-state puzzle actor to be reliable in scenario 4, so that co-op quality remains high.","Given scenario 4, when players execute flow, then expected result is deterministic, readable, and logged in telemetry.",Medium
Story,SOD-US-1084,Dual-state puzzle actor story 5,SOD-EP03,"As a player/team, I want dual-state puzzle actor to be reliable in scenario 5, so that co-op quality remains high.","Given scenario 5, when players execute flow, then expected result is deterministic, readable, and logged in telemetry.",Highest
Story,SOD-US-1085,Dual-state puzzle actor story 6,SOD-EP03,"As a player/team, I want dual-state puzzle actor to be reliable in scenario 6, so that co-op quality remains high.","Given scenario 6, when players execute flow, then expected result is deterministic, readable, and logged in telemetry.",High
Story,SOD-US-1086,Dual-state puzzle actor story 7,SOD-EP03,"As a player/team, I want dual-state puzzle actor to be reliable in scenario 7, so that co-op quality remains high.","Given scenario 7, when players execute flow, then expected result is deterministic, readable, and logged in telemetry.",High
Story,SOD-US-1087,Dual-state puzzle actor story 8,SOD-EP03,"As a player/team, I want dual-state puzzle actor to be reliable in scenario 8, so that co-op quality remains high.","Given scenario 8, when players execute flow, then expected result is deterministic, readable, and logged in telemetry.",Medium
Story,SOD-US-1088,Dual-state puzzle actor story 9,SOD-EP03,"As a player/team, I want dual-state puzzle actor to be reliable in scenario 9, so that co-op quality remains high.","Given scenario 9, when players execute flow, then expected result is deterministic, readable, and logged in telemetry.",Highest
Story,SOD-US-1089,Dual-state puzzle actor story 10,SOD-EP03,"As a player/team, I want dual-state puzzle actor to be reliable in scenario 10, so that co-op quality remains high.","Given scenario 10, when players execute flow, then expected result is deterministic, readable, and logged in telemetry.",High
Story,SOD-US-1090,Puzzle fail-loop analytics story 1,SOD-EP03,"As a player/team, I want puzzle fail-loop analytics to be reliable in scenario 1, so that co-op quality remains high.","Given scenario 1, when players execute flow, then expected result is deterministic, readable, and logged in telemetry.",Highest
Story,SOD-US-1091,Puzzle fail-loop analytics story 2,SOD-EP03,"As a player/team, I want puzzle fail-loop analytics to be reliable in scenario 2, so that co-op quality remains high.","Given scenario 2, when players execute flow, then expected result is deterministic, readable, and logged in telemetry.",High
Story,SOD-US-1092,Puzzle fail-loop analytics story 3,SOD-EP03,"As a player/team, I want puzzle fail-loop analytics to be reliable in scenario 3, so that co-op quality remains high.","Given scenario 3, when players execute flow, then expected result is deterministic, readable, and logged in telemetry.",High
Story,SOD-US-1093,Puzzle fail-loop analytics story 4,SOD-EP03,"As a player/team, I want puzzle fail-loop analytics to be reliable in scenario 4, so that co-op quality remains high.","Given scenario 4, when players execute flow, then expected result is deterministic, readable, and logged in telemetry.",Medium
Story,SOD-US-1094,Puzzle fail-loop analytics story 5,SOD-EP03,"As a player/team, I want puzzle fail-loop analytics to be reliable in scenario 5, so that co-op quality remains high.","Given scenario 5, when players execute flow, then expected result is deterministic, readable, and logged in telemetry.",Highest
Story,SOD-US-1095,Puzzle fail-loop analytics story 6,SOD-EP03,"As a player/team, I want puzzle fail-loop analytics to be reliable in scenario 6, so that co-op quality remains high.","Given scenario 6, when players execute flow, then expected result is deterministic, readable, and logged in telemetry.",High
Story,SOD-US-1096,Puzzle fail-loop analytics story 7,SOD-EP03,"As a player/team, I want puzzle fail-loop analytics to be reliable in scenario 7, so that co-op quality remains high.","Given scenario 7, when players execute flow, then expected result is deterministic, readable, and logged in telemetry.",High
Story,SOD-US-1097,Puzzle fail-loop analytics story 8,SOD-EP03,"As a player/team, I want puzzle fail-loop analytics to be reliable in scenario 8, so that co-op quality remains high.","Given scenario 8, when players execute flow, then expected result is deterministic, readable, and logged in telemetry.",Medium
Story,SOD-US-1098,Puzzle fail-loop analytics story 9,SOD-EP03,"As a player/team, I want puzzle fail-loop analytics to be reliable in scenario 9, so that co-op quality remains high.","Given scenario 9, when players execute flow, then expected result is deterministic, readable, and logged in telemetry.",Highest
Story,SOD-US-1099,Puzzle fail-loop analytics story 10,SOD-EP03,"As a player/team, I want puzzle fail-loop analytics to be reliable in scenario 10, so that co-op quality remains high.","Given scenario 10, when players execute flow, then expected result is deterministic, readable, and logged in telemetry.",High
Story,SOD-US-1100,Encounter director pacing story 1,SOD-EP03,"As a player/team, I want encounter director pacing to be reliable in scenario 1, so that co-op quality remains high.","Given scenario 1, when players execute flow, then expected result is deterministic, readable, and logged in telemetry.",Highest
Story,SOD-US-1101,Encounter director pacing story 2,SOD-EP03,"As a player/team, I want encounter director pacing to be reliable in scenario 2, so that co-op quality remains high.","Given scenario 2, when players execute flow, then expected result is deterministic, readable, and logged in telemetry.",High
Story,SOD-US-1102,Encounter director pacing story 3,SOD-EP03,"As a player/team, I want encounter director pacing to be reliable in scenario 3, so that co-op quality remains high.","Given scenario 3, when players execute flow, then expected result is deterministic, readable, and logged in telemetry.",High
Story,SOD-US-1103,Encounter director pacing story 4,SOD-EP03,"As a player/team, I want encounter director pacing to be reliable in scenario 4, so that co-op quality remains high.","Given scenario 4, when players execute flow, then expected result is deterministic, readable, and logged in telemetry.",Medium
Story,SOD-US-1104,Encounter director pacing story 5,SOD-EP03,"As a player/team, I want encounter director pacing to be reliable in scenario 5, so that co-op quality remains high.","Given scenario 5, when players execute flow, then expected result is deterministic, readable, and logged in telemetry.",Highest
Story,SOD-US-1105,Encounter director pacing story 6,SOD-EP03,"As a player/team, I want encounter director pacing to be reliable in scenario 6, so that co-op quality remains high.","Given scenario 6, when players execute flow, then expected result is deterministic, readable, and logged in telemetry.",High
Story,SOD-US-1106,Encounter director pacing story 7,SOD-EP03,"As a player/team, I want encounter director pacing to be reliable in scenario 7, so that co-op quality remains high.","Given scenario 7, when players execute flow, then expected result is deterministic, readable, and logged in telemetry.",High
Story,SOD-US-1107,Encounter director pacing story 8,SOD-EP03,"As a player/team, I want encounter director pacing to be reliable in scenario 8, so that co-op quality remains high.","Given scenario 8, when players execute flow, then expected result is deterministic, readable, and logged in telemetry.",Medium
Story,SOD-US-1108,Encounter director pacing story 9,SOD-EP03,"As a player/team, I want encounter director pacing to be reliable in scenario 9, so that co-op quality remains high.","Given scenario 9, when players execute flow, then expected result is deterministic, readable, and logged in telemetry.",Highest
Story,SOD-US-1109,Encounter director pacing story 10,SOD-EP03,"As a player/team, I want encounter director pacing to be reliable in scenario 10, so that co-op quality remains high.","Given scenario 10, when players execute flow, then expected result is deterministic, readable, and logged in telemetry.",High
Story,SOD-US-1110,Boss phase framework story 1,SOD-EP03,"As a player/team, I want boss phase framework to be reliable in scenario 1, so that co-op quality remains high.","Given scenario 1, when players execute flow, then expected result is deterministic, readable, and logged in telemetry.",Highest
Story,SOD-US-1111,Boss phase framework story 2,SOD-EP03,"As a player/team, I want boss phase framework to be reliable in scenario 2, so that co-op quality remains high.","Given scenario 2, when players execute flow, then expected result is deterministic, readable, and logged in telemetry.",High
Story,SOD-US-1112,Boss phase framework story 3,SOD-EP03,"As a player/team, I want boss phase framework to be reliable in scenario 3, so that co-op quality remains high.","Given scenario 3, when players execute flow, then expected result is deterministic, readable, and logged in telemetry.",High
Story,SOD-US-1113,Boss phase framework story 4,SOD-EP03,"As a player/team, I want boss phase framework to be reliable in scenario 4, so that co-op quality remains high.","Given scenario 4, when players execute flow, then expected result is deterministic, readable, and logged in telemetry.",Medium
Story,SOD-US-1114,Boss phase framework story 5,SOD-EP03,"As a player/team, I want boss phase framework to be reliable in scenario 5, so that co-op quality remains high.","Given scenario 5, when players execute flow, then expected result is deterministic, readable, and logged in telemetry.",Highest
Story,SOD-US-1115,Boss phase framework story 6,SOD-EP03,"As a player/team, I want boss phase framework to be reliable in scenario 6, so that co-op quality remains high.","Given scenario 6, when players execute flow, then expected result is deterministic, readable, and logged in telemetry.",High
Story,SOD-US-1116,Boss phase framework story 7,SOD-EP03,"As a player/team, I want boss phase framework to be reliable in scenario 7, so that co-op quality remains high.","Given scenario 7, when players execute flow, then expected result is deterministic, readable, and logged in telemetry.",High
Story,SOD-US-1117,Boss phase framework story 8,SOD-EP03,"As a player/team, I want boss phase framework to be reliable in scenario 8, so that co-op quality remains high.","Given scenario 8, when players execute flow, then expected result is deterministic, readable, and logged in telemetry.",Medium
Story,SOD-US-1118,Boss phase framework story 9,SOD-EP03,"As a player/team, I want boss phase framework to be reliable in scenario 9, so that co-op quality remains high.","Given scenario 9, when players execute flow, then expected result is deterministic, readable, and logged in telemetry.",Highest
Story,SOD-US-1119,Boss phase framework story 10,SOD-EP03,"As a player/team, I want boss phase framework to be reliable in scenario 10, so that co-op quality remains high.","Given scenario 10, when players execute flow, then expected result is deterministic, readable, and logged in telemetry.",High
Story,SOD-US-1120,Dual-shield enemy behavior story 1,SOD-EP04,"As a player/team, I want dual-shield enemy behavior to be reliable in scenario 1, so that co-op quality remains high.","Given scenario 1, when players execute flow, then expected result is deterministic, readable, and logged in telemetry.",Highest
Story,SOD-US-1121,Dual-shield enemy behavior story 2,SOD-EP04,"As a player/team, I want dual-shield enemy behavior to be reliable in scenario 2, so that co-op quality remains high.","Given scenario 2, when players execute flow, then expected result is deterministic, readable, and logged in telemetry.",High
Story,SOD-US-1122,Dual-shield enemy behavior story 3,SOD-EP04,"As a player/team, I want dual-shield enemy behavior to be reliable in scenario 3, so that co-op quality remains high.","Given scenario 3, when players execute flow, then expected result is deterministic, readable, and logged in telemetry.",High
Story,SOD-US-1123,Dual-shield enemy behavior story 4,SOD-EP04,"As a player/team, I want dual-shield enemy behavior to be reliable in scenario 4, so that co-op quality remains high.","Given scenario 4, when players execute flow, then expected result is deterministic, readable, and logged in telemetry.",Medium
Story,SOD-US-1124,Dual-shield enemy behavior story 5,SOD-EP04,"As a player/team, I want dual-shield enemy behavior to be reliable in scenario 5, so that co-op quality remains high.","Given scenario 5, when players execute flow, then expected result is deterministic, readable, and logged in telemetry.",Highest
Story,SOD-US-1125,Dual-shield enemy behavior story 6,SOD-EP04,"As a player/team, I want dual-shield enemy behavior to be reliable in scenario 6, so that co-op quality remains high.","Given scenario 6, when players execute flow, then expected result is deterministic, readable, and logged in telemetry.",High
Story,SOD-US-1126,Dual-shield enemy behavior story 7,SOD-EP04,"As a player/team, I want dual-shield enemy behavior to be reliable in scenario 7, so that co-op quality remains high.","Given scenario 7, when players execute flow, then expected result is deterministic, readable, and logged in telemetry.",High
Story,SOD-US-1127,Dual-shield enemy behavior story 8,SOD-EP04,"As a player/team, I want dual-shield enemy behavior to be reliable in scenario 8, so that co-op quality remains high.","Given scenario 8, when players execute flow, then expected result is deterministic, readable, and logged in telemetry.",Medium
Story,SOD-US-1128,Dual-shield enemy behavior story 9,SOD-EP04,"As a player/team, I want dual-shield enemy behavior to be reliable in scenario 9, so that co-op quality remains high.","Given scenario 9, when players execute flow, then expected result is deterministic, readable, and logged in telemetry.",Highest
Story,SOD-US-1129,Dual-shield enemy behavior story 10,SOD-EP04,"As a player/team, I want dual-shield enemy behavior to be reliable in scenario 10, so that co-op quality remains high.","Given scenario 10, when players execute flow, then expected result is deterministic, readable, and logged in telemetry.",High
Story,SOD-US-1130,Co-op finisher sync story 1,SOD-EP04,"As a player/team, I want co-op finisher sync to be reliable in scenario 1, so that co-op quality remains high.","Given scenario 1, when players execute flow, then expected result is deterministic, readable, and logged in telemetry.",Highest
Story,SOD-US-1131,Co-op finisher sync story 2,SOD-EP04,"As a player/team, I want co-op finisher sync to be reliable in scenario 2, so that co-op quality remains high.","Given scenario 2, when players execute flow, then expected result is deterministic, readable, and logged in telemetry.",High
Story,SOD-US-1132,Co-op finisher sync story 3,SOD-EP04,"As a player/team, I want co-op finisher sync to be reliable in scenario 3, so that co-op quality remains high.","Given scenario 3, when players execute flow, then expected result is deterministic, readable, and logged in telemetry.",High
Story,SOD-US-1133,Co-op finisher sync story 4,SOD-EP04,"As a player/team, I want co-op finisher sync to be reliable in scenario 4, so that co-op quality remains high.","Given scenario 4, when players execute flow, then expected result is deterministic, readable, and logged in telemetry.",Medium
Story,SOD-US-1134,Co-op finisher sync story 5,SOD-EP04,"As a player/team, I want co-op finisher sync to be reliable in scenario 5, so that co-op quality remains high.","Given scenario 5, when players execute flow, then expected result is deterministic, readable, and logged in telemetry.",Highest
Story,SOD-US-1135,Co-op finisher sync story 6,SOD-EP04,"As a player/team, I want co-op finisher sync to be reliable in scenario 6, so that co-op quality remains high.","Given scenario 6, when players execute flow, then expected result is deterministic, readable, and logged in telemetry.",High
Story,SOD-US-1136,Co-op finisher sync story 7,SOD-EP04,"As a player/team, I want co-op finisher sync to be reliable in scenario 7, so that co-op quality remains high.","Given scenario 7, when players execute flow, then expected result is deterministic, readable, and logged in telemetry.",High
Story,SOD-US-1137,Co-op finisher sync story 8,SOD-EP04,"As a player/team, I want co-op finisher sync to be reliable in scenario 8, so that co-op quality remains high.","Given scenario 8, when players execute flow, then expected result is deterministic, readable, and logged in telemetry.",Medium
Story,SOD-US-1138,Co-op finisher sync story 9,SOD-EP04,"As a player/team, I want co-op finisher sync to be reliable in scenario 9, so that co-op quality remains high.","Given scenario 9, when players execute flow, then expected result is deterministic, readable, and logged in telemetry.",Highest
Story,SOD-US-1139,Co-op finisher sync story 10,SOD-EP04,"As a player/team, I want co-op finisher sync to be reliable in scenario 10, so that co-op quality remains high.","Given scenario 10, when players execute flow, then expected result is deterministic, readable, and logged in telemetry.",High
Story,SOD-US-1140,Boss ferryman tuning story 1,SOD-EP04,"As a player/team, I want boss ferryman tuning to be reliable in scenario 1, so that co-op quality remains high.","Given scenario 1, when players execute flow, then expected result is deterministic, readable, and logged in telemetry.",Highest
Story,SOD-US-1141,Boss ferryman tuning story 2,SOD-EP04,"As a player/team, I want boss ferryman tuning to be reliable in scenario 2, so that co-op quality remains high.","Given scenario 2, when players execute flow, then expected result is deterministic, readable, and logged in telemetry.",High
Story,SOD-US-1142,Boss ferryman tuning story 3,SOD-EP04,"As a player/team, I want boss ferryman tuning to be reliable in scenario 3, so that co-op quality remains high.","Given scenario 3, when players execute flow, then expected result is deterministic, readable, and logged in telemetry.",High
Story,SOD-US-1143,Boss ferryman tuning story 4,SOD-EP04,"As a player/team, I want boss ferryman tuning to be reliable in scenario 4, so that co-op quality remains high.","Given scenario 4, when players execute flow, then expected result is deterministic, readable, and logged in telemetry.",Medium
Story,SOD-US-1144,Boss ferryman tuning story 5,SOD-EP04,"As a player/team, I want boss ferryman tuning to be reliable in scenario 5, so that co-op quality remains high.","Given scenario 5, when players execute flow, then expected result is deterministic, readable, and logged in telemetry.",Highest
Story,SOD-US-1145,Boss ferryman tuning story 6,SOD-EP04,"As a player/team, I want boss ferryman tuning to be reliable in scenario 6, so that co-op quality remains high.","Given scenario 6, when players execute flow, then expected result is deterministic, readable, and logged in telemetry.",High
Story,SOD-US-1146,Boss ferryman tuning story 7,SOD-EP04,"As a player/team, I want boss ferryman tuning to be reliable in scenario 7, so that co-op quality remains high.","Given scenario 7, when players execute flow, then expected result is deterministic, readable, and logged in telemetry.",High
Story,SOD-US-1147,Boss ferryman tuning story 8,SOD-EP04,"As a player/team, I want boss ferryman tuning to be reliable in scenario 8, so that co-op quality remains high.","Given scenario 8, when players execute flow, then expected result is deterministic, readable, and logged in telemetry.",Medium
Story,SOD-US-1148,Boss ferryman tuning story 9,SOD-EP04,"As a player/team, I want boss ferryman tuning to be reliable in scenario 9, so that co-op quality remains high.","Given scenario 9, when players execute flow, then expected result is deterministic, readable, and logged in telemetry.",Highest
Story,SOD-US-1149,Boss ferryman tuning story 10,SOD-EP04,"As a player/team, I want boss ferryman tuning to be reliable in scenario 10, so that co-op quality remains high.","Given scenario 10, when players execute flow, then expected result is deterministic, readable, and logged in telemetry.",High
Story,SOD-US-1150,AI BT and EQS tuning story 1,SOD-EP04,"As a player/team, I want ai bt and eqs tuning to be reliable in scenario 1, so that co-op quality remains high.","Given scenario 1, when players execute flow, then expected result is deterministic, readable, and logged in telemetry.",Highest
Story,SOD-US-1151,AI BT and EQS tuning story 2,SOD-EP04,"As a player/team, I want ai bt and eqs tuning to be reliable in scenario 2, so that co-op quality remains high.","Given scenario 2, when players execute flow, then expected result is deterministic, readable, and logged in telemetry.",High
Story,SOD-US-1152,AI BT and EQS tuning story 3,SOD-EP04,"As a player/team, I want ai bt and eqs tuning to be reliable in scenario 3, so that co-op quality remains high.","Given scenario 3, when players execute flow, then expected result is deterministic, readable, and logged in telemetry.",High
Story,SOD-US-1153,AI BT and EQS tuning story 4,SOD-EP04,"As a player/team, I want ai bt and eqs tuning to be reliable in scenario 4, so that co-op quality remains high.","Given scenario 4, when players execute flow, then expected result is deterministic, readable, and logged in telemetry.",Medium
Story,SOD-US-1154,AI BT and EQS tuning story 5,SOD-EP04,"As a player/team, I want ai bt and eqs tuning to be reliable in scenario 5, so that co-op quality remains high.","Given scenario 5, when players execute flow, then expected result is deterministic, readable, and logged in telemetry.",Highest
Story,SOD-US-1155,AI BT and EQS tuning story 6,SOD-EP04,"As a player/team, I want ai bt and eqs tuning to be reliable in scenario 6, so that co-op quality remains high.","Given scenario 6, when players execute flow, then expected result is deterministic, readable, and logged in telemetry.",High
Story,SOD-US-1156,AI BT and EQS tuning story 7,SOD-EP04,"As a player/team, I want ai bt and eqs tuning to be reliable in scenario 7, so that co-op quality remains high.","Given scenario 7, when players execute flow, then expected result is deterministic, readable, and logged in telemetry.",High
Story,SOD-US-1157,AI BT and EQS tuning story 8,SOD-EP04,"As a player/team, I want ai bt and eqs tuning to be reliable in scenario 8, so that co-op quality remains high.","Given scenario 8, when players execute flow, then expected result is deterministic, readable, and logged in telemetry.",Medium
Story,SOD-US-1158,AI BT and EQS tuning story 9,SOD-EP04,"As a player/team, I want ai bt and eqs tuning to be reliable in scenario 9, so that co-op quality remains high.","Given scenario 9, when players execute flow, then expected result is deterministic, readable, and logged in telemetry.",Highest
Story,SOD-US-1159,AI BT and EQS tuning story 10,SOD-EP04,"As a player/team, I want ai bt and eqs tuning to be reliable in scenario 10, so that co-op quality remains high.","Given scenario 10, when players execute flow, then expected result is deterministic, readable, and logged in telemetry.",High
Story,SOD-US-1160,Dialogue trigger graph story 1,SOD-EP05,"As a player/team, I want dialogue trigger graph to be reliable in scenario 1, so that co-op quality remains high.","Given scenario 1, when players execute flow, then expected result is deterministic, readable, and logged in telemetry.",Highest
Story,SOD-US-1161,Dialogue trigger graph story 2,SOD-EP05,"As a player/team, I want dialogue trigger graph to be reliable in scenario 2, so that co-op quality remains high.","Given scenario 2, when players execute flow, then expected result is deterministic, readable, and logged in telemetry.",High
Story,SOD-US-1162,Dialogue trigger graph story 3,SOD-EP05,"As a player/team, I want dialogue trigger graph to be reliable in scenario 3, so that co-op quality remains high.","Given scenario 3, when players execute flow, then expected result is deterministic, readable, and logged in telemetry.",High
Story,SOD-US-1163,Dialogue trigger graph story 4,SOD-EP05,"As a player/team, I want dialogue trigger graph to be reliable in scenario 4, so that co-op quality remains high.","Given scenario 4, when players execute flow, then expected result is deterministic, readable, and logged in telemetry.",Medium
Story,SOD-US-1164,Dialogue trigger graph story 5,SOD-EP05,"As a player/team, I want dialogue trigger graph to be reliable in scenario 5, so that co-op quality remains high.","Given scenario 5, when players execute flow, then expected result is deterministic, readable, and logged in telemetry.",Highest
Story,SOD-US-1165,Dialogue trigger graph story 6,SOD-EP05,"As a player/team, I want dialogue trigger graph to be reliable in scenario 6, so that co-op quality remains high.","Given scenario 6, when players execute flow, then expected result is deterministic, readable, and logged in telemetry.",High
Story,SOD-US-1166,Dialogue trigger graph story 7,SOD-EP05,"As a player/team, I want dialogue trigger graph to be reliable in scenario 7, so that co-op quality remains high.","Given scenario 7, when players execute flow, then expected result is deterministic, readable, and logged in telemetry.",High
Story,SOD-US-1167,Dialogue trigger graph story 8,SOD-EP05,"As a player/team, I want dialogue trigger graph to be reliable in scenario 8, so that co-op quality remains high.","Given scenario 8, when players execute flow, then expected result is deterministic, readable, and logged in telemetry.",Medium
Story,SOD-US-1168,Dialogue trigger graph story 9,SOD-EP05,"As a player/team, I want dialogue trigger graph to be reliable in scenario 9, so that co-op quality remains high.","Given scenario 9, when players execute flow, then expected result is deterministic, readable, and logged in telemetry.",Highest
Story,SOD-US-1169,Dialogue trigger graph story 10,SOD-EP05,"As a player/team, I want dialogue trigger graph to be reliable in scenario 10, so that co-op quality remains high.","Given scenario 10, when players execute flow, then expected result is deterministic, readable, and logged in telemetry.",High
Story,SOD-US-1170,Cinematic handoff transitions story 1,SOD-EP05,"As a player/team, I want cinematic handoff transitions to be reliable in scenario 1, so that co-op quality remains high.","Given scenario 1, when players execute flow, then expected result is deterministic, readable, and logged in telemetry.",Highest
Story,SOD-US-1171,Cinematic handoff transitions story 2,SOD-EP05,"As a player/team, I want cinematic handoff transitions to be reliable in scenario 2, so that co-op quality remains high.","Given scenario 2, when players execute flow, then expected result is deterministic, readable, and logged in telemetry.",High
Story,SOD-US-1172,Cinematic handoff transitions story 3,SOD-EP05,"As a player/team, I want cinematic handoff transitions to be reliable in scenario 3, so that co-op quality remains high.","Given scenario 3, when players execute flow, then expected result is deterministic, readable, and logged in telemetry.",High
Story,SOD-US-1173,Cinematic handoff transitions story 4,SOD-EP05,"As a player/team, I want cinematic handoff transitions to be reliable in scenario 4, so that co-op quality remains high.","Given scenario 4, when players execute flow, then expected result is deterministic, readable, and logged in telemetry.",Medium
Story,SOD-US-1174,Cinematic handoff transitions story 5,SOD-EP05,"As a player/team, I want cinematic handoff transitions to be reliable in scenario 5, so that co-op quality remains high.","Given scenario 5, when players execute flow, then expected result is deterministic, readable, and logged in telemetry.",Highest
Story,SOD-US-1175,Cinematic handoff transitions story 6,SOD-EP05,"As a player/team, I want cinematic handoff transitions to be reliable in scenario 6, so that co-op quality remains high.","Given scenario 6, when players execute flow, then expected result is deterministic, readable, and logged in telemetry.",High
Story,SOD-US-1176,Cinematic handoff transitions story 7,SOD-EP05,"As a player/team, I want cinematic handoff transitions to be reliable in scenario 7, so that co-op quality remains high.","Given scenario 7, when players execute flow, then expected result is deterministic, readable, and logged in telemetry.",High
Story,SOD-US-1177,Cinematic handoff transitions story 8,SOD-EP05,"As a player/team, I want cinematic handoff transitions to be reliable in scenario 8, so that co-op quality remains high.","Given scenario 8, when players execute flow, then expected result is deterministic, readable, and logged in telemetry.",Medium
Story,SOD-US-1178,Cinematic handoff transitions story 9,SOD-EP05,"As a player/team, I want cinematic handoff transitions to be reliable in scenario 9, so that co-op quality remains high.","Given scenario 9, when players execute flow, then expected result is deterministic, readable, and logged in telemetry.",Highest
Story,SOD-US-1179,Cinematic handoff transitions story 10,SOD-EP05,"As a player/team, I want cinematic handoff transitions to be reliable in scenario 10, so that co-op quality remains high.","Given scenario 10, when players execute flow, then expected result is deterministic, readable, and logged in telemetry.",High
Story,SOD-US-1180,Memory fragment progression story 1,SOD-EP05,"As a player/team, I want memory fragment progression to be reliable in scenario 1, so that co-op quality remains high.","Given scenario 1, when players execute flow, then expected result is deterministic, readable, and logged in telemetry.",Highest
Story,SOD-US-1181,Memory fragment progression story 2,SOD-EP05,"As a player/team, I want memory fragment progression to be reliable in scenario 2, so that co-op quality remains high.","Given scenario 2, when players execute flow, then expected result is deterministic, readable, and logged in telemetry.",High
Story,SOD-US-1182,Memory fragment progression story 3,SOD-EP05,"As a player/team, I want memory fragment progression to be reliable in scenario 3, so that co-op quality remains high.","Given scenario 3, when players execute flow, then expected result is deterministic, readable, and logged in telemetry.",High
Story,SOD-US-1183,Memory fragment progression story 4,SOD-EP05,"As a player/team, I want memory fragment progression to be reliable in scenario 4, so that co-op quality remains high.","Given scenario 4, when players execute flow, then expected result is deterministic, readable, and logged in telemetry.",Medium
Story,SOD-US-1184,Memory fragment progression story 5,SOD-EP05,"As a player/team, I want memory fragment progression to be reliable in scenario 5, so that co-op quality remains high.","Given scenario 5, when players execute flow, then expected result is deterministic, readable, and logged in telemetry.",Highest
Story,SOD-US-1185,Memory fragment progression story 6,SOD-EP05,"As a player/team, I want memory fragment progression to be reliable in scenario 6, so that co-op quality remains high.","Given scenario 6, when players execute flow, then expected result is deterministic, readable, and logged in telemetry.",High
Story,SOD-US-1186,Memory fragment progression story 7,SOD-EP05,"As a player/team, I want memory fragment progression to be reliable in scenario 7, so that co-op quality remains high.","Given scenario 7, when players execute flow, then expected result is deterministic, readable, and logged in telemetry.",High
Story,SOD-US-1187,Memory fragment progression story 8,SOD-EP05,"As a player/team, I want memory fragment progression to be reliable in scenario 8, so that co-op quality remains high.","Given scenario 8, when players execute flow, then expected result is deterministic, readable, and logged in telemetry.",Medium
Story,SOD-US-1188,Memory fragment progression story 9,SOD-EP05,"As a player/team, I want memory fragment progression to be reliable in scenario 9, so that co-op quality remains high.","Given scenario 9, when players execute flow, then expected result is deterministic, readable, and logged in telemetry.",Highest
Story,SOD-US-1189,Memory fragment progression story 10,SOD-EP05,"As a player/team, I want memory fragment progression to be reliable in scenario 10, so that co-op quality remains high.","Given scenario 10, when players execute flow, then expected result is deterministic, readable, and logged in telemetry.",High
Story,SOD-US-1190,Localization and subtitles story 1,SOD-EP05,"As a player/team, I want localization and subtitles to be reliable in scenario 1, so that co-op quality remains high.","Given scenario 1, when players execute flow, then expected result is deterministic, readable, and logged in telemetry.",Highest
Story,SOD-US-1191,Localization and subtitles story 2,SOD-EP05,"As a player/team, I want localization and subtitles to be reliable in scenario 2, so that co-op quality remains high.","Given scenario 2, when players execute flow, then expected result is deterministic, readable, and logged in telemetry.",High
Story,SOD-US-1192,Localization and subtitles story 3,SOD-EP05,"As a player/team, I want localization and subtitles to be reliable in scenario 3, so that co-op quality remains high.","Given scenario 3, when players execute flow, then expected result is deterministic, readable, and logged in telemetry.",High
Story,SOD-US-1193,Localization and subtitles story 4,SOD-EP05,"As a player/team, I want localization and subtitles to be reliable in scenario 4, so that co-op quality remains high.","Given scenario 4, when players execute flow, then expected result is deterministic, readable, and logged in telemetry.",Medium
Story,SOD-US-1194,Localization and subtitles story 5,SOD-EP05,"As a player/team, I want localization and subtitles to be reliable in scenario 5, so that co-op quality remains high.","Given scenario 5, when players execute flow, then expected result is deterministic, readable, and logged in telemetry.",Highest
Story,SOD-US-1195,Localization and subtitles story 6,SOD-EP05,"As a player/team, I want localization and subtitles to be reliable in scenario 6, so that co-op quality remains high.","Given scenario 6, when players execute flow, then expected result is deterministic, readable, and logged in telemetry.",High
Story,SOD-US-1196,Localization and subtitles story 7,SOD-EP05,"As a player/team, I want localization and subtitles to be reliable in scenario 7, so that co-op quality remains high.","Given scenario 7, when players execute flow, then expected result is deterministic, readable, and logged in telemetry.",High
Story,SOD-US-1197,Localization and subtitles story 8,SOD-EP05,"As a player/team, I want localization and subtitles to be reliable in scenario 8, so that co-op quality remains high.","Given scenario 8, when players execute flow, then expected result is deterministic, readable, and logged in telemetry.",Medium
Story,SOD-US-1198,Localization and subtitles story 9,SOD-EP05,"As a player/team, I want localization and subtitles to be reliable in scenario 9, so that co-op quality remains high.","Given scenario 9, when players execute flow, then expected result is deterministic, readable, and logged in telemetry.",Highest
Story,SOD-US-1199,Localization and subtitles story 10,SOD-EP05,"As a player/team, I want localization and subtitles to be reliable in scenario 10, so that co-op quality remains high.","Given scenario 10, when players execute flow, then expected result is deterministic, readable, and logged in telemetry.",High
Story,SOD-US-1200,Chapter art packages story 1,SOD-EP06,"As a player/team, I want chapter art packages to be reliable in scenario 1, so that co-op quality remains high.","Given scenario 1, when players execute flow, then expected result is deterministic, readable, and logged in telemetry.",Highest
Story,SOD-US-1201,Chapter art packages story 2,SOD-EP06,"As a player/team, I want chapter art packages to be reliable in scenario 2, so that co-op quality remains high.","Given scenario 2, when players execute flow, then expected result is deterministic, readable, and logged in telemetry.",High
Story,SOD-US-1202,Chapter art packages story 3,SOD-EP06,"As a player/team, I want chapter art packages to be reliable in scenario 3, so that co-op quality remains high.","Given scenario 3, when players execute flow, then expected result is deterministic, readable, and logged in telemetry.",High
Story,SOD-US-1203,Chapter art packages story 4,SOD-EP06,"As a player/team, I want chapter art packages to be reliable in scenario 4, so that co-op quality remains high.","Given scenario 4, when players execute flow, then expected result is deterministic, readable, and logged in telemetry.",Medium
Story,SOD-US-1204,Chapter art packages story 5,SOD-EP06,"As a player/team, I want chapter art packages to be reliable in scenario 5, so that co-op quality remains high.","Given scenario 5, when players execute flow, then expected result is deterministic, readable, and logged in telemetry.",Highest
Story,SOD-US-1205,Chapter art packages story 6,SOD-EP06,"As a player/team, I want chapter art packages to be reliable in scenario 6, so that co-op quality remains high.","Given scenario 6, when players execute flow, then expected result is deterministic, readable, and logged in telemetry.",High
Story,SOD-US-1206,Chapter art packages story 7,SOD-EP06,"As a player/team, I want chapter art packages to be reliable in scenario 7, so that co-op quality remains high.","Given scenario 7, when players execute flow, then expected result is deterministic, readable, and logged in telemetry.",High
Story,SOD-US-1207,Chapter art packages story 8,SOD-EP06,"As a player/team, I want chapter art packages to be reliable in scenario 8, so that co-op quality remains high.","Given scenario 8, when players execute flow, then expected result is deterministic, readable, and logged in telemetry.",Medium
Story,SOD-US-1208,Chapter art packages story 9,SOD-EP06,"As a player/team, I want chapter art packages to be reliable in scenario 9, so that co-op quality remains high.","Given scenario 9, when players execute flow, then expected result is deterministic, readable, and logged in telemetry.",Highest
Story,SOD-US-1209,Chapter art packages story 10,SOD-EP06,"As a player/team, I want chapter art packages to be reliable in scenario 10, so that co-op quality remains high.","Given scenario 10, when players execute flow, then expected result is deterministic, readable, and logged in telemetry.",High
Story,SOD-US-1210,Adaptive music system story 1,SOD-EP06,"As a player/team, I want adaptive music system to be reliable in scenario 1, so that co-op quality remains high.","Given scenario 1, when players execute flow, then expected result is deterministic, readable, and logged in telemetry.",Highest
Story,SOD-US-1211,Adaptive music system story 2,SOD-EP06,"As a player/team, I want adaptive music system to be reliable in scenario 2, so that co-op quality remains high.","Given scenario 2, when players execute flow, then expected result is deterministic, readable, and logged in telemetry.",High
Story,SOD-US-1212,Adaptive music system story 3,SOD-EP06,"As a player/team, I want adaptive music system to be reliable in scenario 3, so that co-op quality remains high.","Given scenario 3, when players execute flow, then expected result is deterministic, readable, and logged in telemetry.",High
Story,SOD-US-1213,Adaptive music system story 4,SOD-EP06,"As a player/team, I want adaptive music system to be reliable in scenario 4, so that co-op quality remains high.","Given scenario 4, when players execute flow, then expected result is deterministic, readable, and logged in telemetry.",Medium
Story,SOD-US-1214,Adaptive music system story 5,SOD-EP06,"As a player/team, I want adaptive music system to be reliable in scenario 5, so that co-op quality remains high.","Given scenario 5, when players execute flow, then expected result is deterministic, readable, and logged in telemetry.",Highest
Story,SOD-US-1215,Adaptive music system story 6,SOD-EP06,"As a player/team, I want adaptive music system to be reliable in scenario 6, so that co-op quality remains high.","Given scenario 6, when players execute flow, then expected result is deterministic, readable, and logged in telemetry.",High
Story,SOD-US-1216,Adaptive music system story 7,SOD-EP06,"As a player/team, I want adaptive music system to be reliable in scenario 7, so that co-op quality remains high.","Given scenario 7, when players execute flow, then expected result is deterministic, readable, and logged in telemetry.",High
Story,SOD-US-1217,Adaptive music system story 8,SOD-EP06,"As a player/team, I want adaptive music system to be reliable in scenario 8, so that co-op quality remains high.","Given scenario 8, when players execute flow, then expected result is deterministic, readable, and logged in telemetry.",Medium
Story,SOD-US-1218,Adaptive music system story 9,SOD-EP06,"As a player/team, I want adaptive music system to be reliable in scenario 9, so that co-op quality remains high.","Given scenario 9, when players execute flow, then expected result is deterministic, readable, and logged in telemetry.",Highest
Story,SOD-US-1219,Adaptive music system story 10,SOD-EP06,"As a player/team, I want adaptive music system to be reliable in scenario 10, so that co-op quality remains high.","Given scenario 10, when players execute flow, then expected result is deterministic, readable, and logged in telemetry.",High
Story,SOD-US-1220,SFX clarity pass story 1,SOD-EP06,"As a player/team, I want sfx clarity pass to be reliable in scenario 1, so that co-op quality remains high.","Given scenario 1, when players execute flow, then expected result is deterministic, readable, and logged in telemetry.",Highest
Story,SOD-US-1221,SFX clarity pass story 2,SOD-EP06,"As a player/team, I want sfx clarity pass to be reliable in scenario 2, so that co-op quality remains high.","Given scenario 2, when players execute flow, then expected result is deterministic, readable, and logged in telemetry.",High
Story,SOD-US-1222,SFX clarity pass story 3,SOD-EP06,"As a player/team, I want sfx clarity pass to be reliable in scenario 3, so that co-op quality remains high.","Given scenario 3, when players execute flow, then expected result is deterministic, readable, and logged in telemetry.",High
Story,SOD-US-1223,SFX clarity pass story 4,SOD-EP06,"As a player/team, I want sfx clarity pass to be reliable in scenario 4, so that co-op quality remains high.","Given scenario 4, when players execute flow, then expected result is deterministic, readable, and logged in telemetry.",Medium
Story,SOD-US-1224,SFX clarity pass story 5,SOD-EP06,"As a player/team, I want sfx clarity pass to be reliable in scenario 5, so that co-op quality remains high.","Given scenario 5, when players execute flow, then expected result is deterministic, readable, and logged in telemetry.",Highest
Story,SOD-US-1225,SFX clarity pass story 6,SOD-EP06,"As a player/team, I want sfx clarity pass to be reliable in scenario 6, so that co-op quality remains high.","Given scenario 6, when players execute flow, then expected result is deterministic, readable, and logged in telemetry.",High
Story,SOD-US-1226,SFX clarity pass story 7,SOD-EP06,"As a player/team, I want sfx clarity pass to be reliable in scenario 7, so that co-op quality remains high.","Given scenario 7, when players execute flow, then expected result is deterministic, readable, and logged in telemetry.",High
Story,SOD-US-1227,SFX clarity pass story 8,SOD-EP06,"As a player/team, I want sfx clarity pass to be reliable in scenario 8, so that co-op quality remains high.","Given scenario 8, when players execute flow, then expected result is deterministic, readable, and logged in telemetry.",Medium
Story,SOD-US-1228,SFX clarity pass story 9,SOD-EP06,"As a player/team, I want sfx clarity pass to be reliable in scenario 9, so that co-op quality remains high.","Given scenario 9, when players execute flow, then expected result is deterministic, readable, and logged in telemetry.",Highest
Story,SOD-US-1229,SFX clarity pass story 10,SOD-EP06,"As a player/team, I want sfx clarity pass to be reliable in scenario 10, so that co-op quality remains high.","Given scenario 10, when players execute flow, then expected result is deterministic, readable, and logged in telemetry.",High
Story,SOD-US-1230,Performance/cert polish story 1,SOD-EP06,"As a player/team, I want performance/cert polish to be reliable in scenario 1, so that co-op quality remains high.","Given scenario 1, when players execute flow, then expected result is deterministic, readable, and logged in telemetry.",Highest
Story,SOD-US-1231,Performance/cert polish story 2,SOD-EP06,"As a player/team, I want performance/cert polish to be reliable in scenario 2, so that co-op quality remains high.","Given scenario 2, when players execute flow, then expected result is deterministic, readable, and logged in telemetry.",High
Story,SOD-US-1232,Performance/cert polish story 3,SOD-EP06,"As a player/team, I want performance/cert polish to be reliable in scenario 3, so that co-op quality remains high.","Given scenario 3, when players execute flow, then expected result is deterministic, readable, and logged in telemetry.",High
Story,SOD-US-1233,Performance/cert polish story 4,SOD-EP06,"As a player/team, I want performance/cert polish to be reliable in scenario 4, so that co-op quality remains high.","Given scenario 4, when players execute flow, then expected result is deterministic, readable, and logged in telemetry.",Medium
Story,SOD-US-1234,Performance/cert polish story 5,SOD-EP06,"As a player/team, I want performance/cert polish to be reliable in scenario 5, so that co-op quality remains high.","Given scenario 5, when players execute flow, then expected result is deterministic, readable, and logged in telemetry.",Highest
Story,SOD-US-1235,Performance/cert polish story 6,SOD-EP06,"As a player/team, I want performance/cert polish to be reliable in scenario 6, so that co-op quality remains high.","Given scenario 6, when players execute flow, then expected result is deterministic, readable, and logged in telemetry.",High
Story,SOD-US-1236,Performance/cert polish story 7,SOD-EP06,"As a player/team, I want performance/cert polish to be reliable in scenario 7, so that co-op quality remains high.","Given scenario 7, when players execute flow, then expected result is deterministic, readable, and logged in telemetry.",High
Story,SOD-US-1237,Performance/cert polish story 8,SOD-EP06,"As a player/team, I want performance/cert polish to be reliable in scenario 8, so that co-op quality remains high.","Given scenario 8, when players execute flow, then expected result is deterministic, readable, and logged in telemetry.",Medium
Story,SOD-US-1238,Performance/cert polish story 9,SOD-EP06,"As a player/team, I want performance/cert polish to be reliable in scenario 9, so that co-op quality remains high.","Given scenario 9, when players execute flow, then expected result is deterministic, readable, and logged in telemetry.",Highest
Story,SOD-US-1239,Performance/cert polish story 10,SOD-EP06,"As a player/team, I want performance/cert polish to be reliable in scenario 10, so that co-op quality remains high.","Given scenario 10, when players execute flow, then expected result is deterministic, readable, and logged in telemetry.",High
